{
    "loss": 8.528671264648438,
    "accuracy": 0.56292724609375
}